{
    "__comment": "Made with TheDestruc7i0n's advancements generator: https://advancements.thedestruc7i0n.ca",
    "display": {
        "title": {
            "text": "Botanist",
            "color": "light_purple",
            "bold": true
        },
        "description": {
            "text": "Get every variety of sapling",
            "bold": false
        },
        "icon": {
            "item": "minecraft:dark_oak_sapling"
        },
        "frame": "challenge",
        "show_toast": true,
        "announce_to_chat": true,
        "hidden": false
    },
    "criteria": {
        "ris": {
            "trigger": "minecraft:inventory_changed",
            "conditions": {
                "items": [
                    {
                        "item": "minecraft:oak_sapling",
                        "count": {
                            "min": 1,
                            "max": 1
                        }
                    },
                    {
                        "item": "minecraft:birch_sapling",
                        "count": {
                            "min": 1,
                            "max": 1
                        }
                    },
                    {
                        "item": "minecraft:jungle_sapling",
                        "count": {
                            "min": 1,
                            "max": 1
                        }
                    },
                    {
                        "item": "minecraft:acacia_sapling",
                        "count": {
                            "min": 1,
                            "max": 1
                        }
                    },
                    {
                        "item": "minecraft:spruce_sapling",
                        "count": {
                            "min": 1,
                            "max": 1
                        }
                    },
                    {
                        "item": "minecraft:dark_oak_sapling"
                    }
                ]
            }
        }
    },
    "parent": "ris:sapling"
}