{
    "__comment": "Made with TheDestruc7i0n's advancements generator: https://advancements.thedestruc7i0n.ca",
    "display": {
        "title": {
            "text": "Groovin'",
            "color": "green",
            "bold": true
        },
        "description": {
            "text": "Play a record",
            "bold": false
        },
        "icon": {
            "item": "minecraft:music_disc_stal"
        },
        "frame": "task",
        "show_toast": true,
        "announce_to_chat": true,
        "hidden": false
    },
    "criteria": {
        "ris": {
            "trigger": "minecraft:impossible"
        }
    },
    "parent": "ris:root"
}