{
    "__comment": "Made with TheDestruc7i0n's advancements generator: https://advancements.thedestruc7i0n.ca",
    "display": {
        "title": {
            "text": "Fancy Air",
            "color": "aqua",
            "bold": true
        },
        "description": {
            "text": "Place a Structure Void",
            "color": "green",
            "bold": false
        },
        "icon": {
            "item": "minecraft:structure_void",
            "nbt": "{Enchantments:[{id:\"minecraft:protection\",lvl:1s}]}"
        },
        "frame": "task",
        "show_toast": true,
        "announce_to_chat": true,
        "hidden": false
    },
    "criteria": {
        "ris": {
            "trigger": "minecraft:placed_block",
            "conditions": {
                "block": "minecraft:structure_void"
            }
        }
    },
    "parent": "ris:root"
}