{
    "__comment": "Made with TheDestruc7i0n's advancements generator: https://advancements.thedestruc7i0n.ca",
    "display": {
        "title": {
            "text": "Summoner",
            "color": "light_purple",
            "bold": true
        },
        "description": {
            "text": "Summon an Iron Golem",
            "bold": false
        },
        "icon": {
            "item": "minecraft:carved_pumpkin",
            "nbt": "{Enchantments:[{id:\"minecraft:knockback\",lvl:1s}]}"
        },
        "frame": "challenge",
        "show_toast": true,
        "announce_to_chat": true,
        "hidden": false
    },
    "criteria": {
        "ris": {
            "trigger": "minecraft:summoned_entity",
            "conditions": {
                "entity": {
                    "type": "minecraft:iron_golem"
                }
            }
        }
    },
    "parent": "ris:snow_golem"
}