{
    "__comment": "Made with TheDestruc7i0n's advancements generator: https://advancements.thedestruc7i0n.ca",
    "display": {
        "title": {
            "text": "Pedro!",
            "color": "light_purple",
            "bold": true
        },
        "description": {
            "text": "You're back!",
            "bold": false
        },
        "icon": {
            "item": "minecraft:panda_spawn_egg"
        },
        "frame": "challenge",
        "show_toast": true,
        "announce_to_chat": true,
        "hidden": true
    },
    "criteria": {
        "ris": {
            "trigger": "minecraft:impossible"
        }
    },
    "rewards": {
        "function": "ris:advance/pedro"
    },
    "parent": "ris:root"
}