{
    "__comment": "Made with TheDestruc7i0n's advancements generator: https://advancements.thedestruc7i0n.ca",
    "display": {
        "title": {
            "text": "Random Item Skyblock",
            "color": "gold",
            "bold": true
        },
        "description": {
            "text": "by Ziplaw, RoarkCats, and PhoenixSC",
            "bold": false
        },
        "icon": {
            "item": "minecraft:spruce_sapling"
        },
        "frame": "task",
        "show_toast": false,
        "announce_to_chat": false,
        "hidden": false,
        "background": "minecraft:textures/gui/advancements/backgrounds/stone.png"
    },
    "criteria": {
        "ris": {
            "trigger": "minecraft:impossible"
        }
    }
}