{
    "__comment": "Made with TheDestruc7i0n's advancements generator: https://advancements.thedestruc7i0n.ca",
    "display": {
        "title": {
            "text": "Finally! Wood!",
            "color": "dark_green",
            "bold": true
        },
        "description": {
            "text": "Get your first sapling"
        },
        "icon": {
            "item": "minecraft:oak_sapling"
        },
        "frame": "task",
        "show_toast": true,
        "announce_to_chat": true,
        "hidden": false
    },
    "criteria": {
        "ris.oaksapling": {
            "trigger": "minecraft:inventory_changed",
            "conditions": {
                "items": [
                    {
                        "item": "minecraft:oak_sapling",
                        "count": {
                            "min": 1,
                            "max": 1
                        }
					}
                ]
            }
		},
		"ris.sprucesapling": {
            "trigger": "minecraft:inventory_changed",
            "conditions": {
                "items": [
                    {
                        "item": "minecraft:spruce_sapling",
                        "count": {
                            "min": 1,
                            "max": 1
                        }
					}
                ]
            }
		},
		"ris.birchsapling": {
            "trigger": "minecraft:inventory_changed",
            "conditions": {
                "items": [
                    {
                        "item": "minecraft:birch_sapling",
                        "count": {
                            "min": 1,
                            "max": 1
                        }
					}
                ]
            }
		},
		"ris.junglesapling": {
            "trigger": "minecraft:inventory_changed",
            "conditions": {
                "items": [
                    {
                        "item": "minecraft:jungle_sapling",
                        "count": {
                            "min": 1,
                            "max": 1
                        }
					}
                ]
            }
		},
		"ris.acaciasapling": {
            "trigger": "minecraft:inventory_changed",
            "conditions": {
                "items": [
                    {
                        "item": "minecraft:acacia_sapling",
                        "count": {
                            "min": 1,
                            "max": 1
                        }
					}
                ]
            }
		},
		"ris.darkoaksapling": {
            "trigger": "minecraft:inventory_changed",
            "conditions": {
                "items": [
                    {
                        "item": "minecraft:dark_oak_sapling",
                        "count": {
                            "min": 1,
                            "max": 1
                        }
					}
                ]
            }
        }
	},
	"requirements": [
        [
            "ris.oaksapling",
			"ris.sprucesapling",
			"ris.birchsapling",
			"ris.junglesapling",
			"ris.acaciasapling",
			"ris.darkoaksapling"
        ]
    ],
    "parent": "ris:root"
}